Alimentaire,,,,PARIS Année,1er arrondissement,,PARIS
"",,,,2000,,131,7.158
"",,,,arr.,,,
"",,,,2003,,124,7.023
"",,,,2005,,122,7.081
"",,,,2007,,110,6.961
"",,,,2011,,115,7.010
"",,,,2014,,119,7.214
Non Alimentaire,,,,Année,1er arrondissement,,PARIS
"",,,,2000,,1.527,23.987
"",,,,2003,,1.482,23.719
"",,,,PARIS 2005,,1.483,23.516
"",,,,2007,,1.462,23.262
"",,,,arr. 2011,,1.370,22.472
"",,,,2014,,1.278,22.312
"Restauration, Hôtellerie",,,,PARIS Année,1er arrondissement,,PARIS
"",,,,2000,,668,14.891
"",,,,arr. 2003,,629,14.679
"",,,,2005,,624,14.862
"",,,,2007,,641,15.026
"",,,,2011,,643,15.238
"",,,,2014,,656,15.692
Services commerciaux,,,,Année,1er arrondissement,,PARIS
"",,,,PARIS,,,
"",,,,2000,,408,17.189
"",,,,2003,,402,17.304
"",,,,arr.,,,
"",,,,2005,,409,17.471
"",,,,2007,,376,17.238
"",,,,2011,,344,16.924
"",,,,2014,,331,16.896
2000 2003 2005,2007,,2011,2014,,,
Locaux vacants,,,,Année,1er arrondissement,,PARIS
"",,,,PARIS 2000,,215,8.394
"",,,,2003,,294,9.713
"",,,,arr. 2005,,268,8.671
"",,,,2007,,253,8.036
"",,,,2011,,334,8.131
"",,,,2014,,390,7.659
2000 2003 2005,2007,,2011,2014,,,
"Commerces de gros, autres locaux en boutique",,,,erPARIS Année,1  arrondissement,,PARIS
"",,,,2000,,170,12.065
"",,,,arr. 2003,,147,14.099
"",,,,2005,,144,14.453
"",,,,2007,,148,14.884
"",,,,2011,,150,14.701
"",,,,2014,,162,14.069
Alimentaire,,,,,Arr. Année,2e arrondissement,,PARIS
"",,,,,2000,102,,7.158
"",,,,,PARIS 2003,95,,7.023
"",,,,,2005,98,,7.081
"",,,,,2007,102,,6.961
"",,,,,2011,112,,7.010
"",,,,,2014,121,,7.214
2000 2003,2005,2007,,2011,2014,,,
Non Alimentaire,,,,,2e Arr. Année,arrondissement,,PARIS
"",,,,,2000,661,,23.987
"",,,,,2003,665,,23.719
"",,,,,PARIS 2005,653,,23.516
"",,,,,2007,649,,23.262
"",,,,,2011,651,,22.472
"",,,,,2014,725,,22.312
2000 2003,2005,2007,,2011,2014,,,
"Restauration, Hôtellerie",,,,,Arr. Année,2e arrondissement,,PARIS
"",,,,,2000,550,,14.891
"",,,,,2003,529,,14.679
"",,,,,PARIS,,,
"",,,,,2005,531,,14.862
"",,,,,2007,553,,15.026
"",,,,,2011,569,,15.238
"",,,,,2014,612,,15.692
2000 2003,2005,2007,,2011,2014,,,
Services commerciaux,,,,,Arr. Année,2e arrondissement,,PARIS
"",,,,,2000,332,,17.189
"",,,,,2003,349,,17.304
"",,,,,2005,356,,17.471
"",,,,,PARIS 2007,360,,17.238
"",,,,,2011,363,,16.924
"",,,,,2014,385,,16.896
2000 2003,2005,2007,,2011,2014,,,
Locaux vacants,,,,,,,,
"",,,,,Arr. Année,2e arrondissement,,PARIS
"",,,,,2000,255,,8.394
"",,,,,2003,330,,9.713
"",,,,,PARIS 2005,339,,8.671
"",,,,,2007,347,,8.036
"",,,,,2011,356,,8.131
"",,,,,2014,336,,7.659
2000 2003,2005,2007,,2011,2014,,,
"Commerces de gros, autres locaux en boutique",,,,,Année,2e arrondissement,,PARIS
"",,,,,PARIS 2000,1.150,,12.065
"",,,,,2003,1.243,,14.099
"",,,,,Arr. 2005,1.201,,14.453
"",,,,,2007,1.134,,14.884
"",,,,,2011,1.050,,14.701
"",,,,,2014,888,,14.069
Alimentaire,,,,,Arr.,Année,3e arrondissement,PARIS
"",,,,,,2000,110,7.158
"",,,,,,2003,120,7.023
"",,,,,PARIS,,,
"",,,,,,2005,123,7.081
"",,,,,,2007,127,6.961
"",,,,,,2011,138,7.010
"",,,,,,2014,153,7.214
2000 2003,2005,2007,,2011,2014,,,
Non Alimentaire,,,,,Arr.,Année,3e arrondissement,PARIS
"",,,,,,2000,670,23.987
"",,,,,,2003,690,23.719
"",,,,,PARIS,2005,724,23.516
"",,,,,,2007,784,23.262
"",,,,,,2011,852,22.472
"",,,,,,2014,972,22.312
2000 2003,2005,2007,,2011,2014,,,
"Restauration, Hôtellerie",,,,,,Année,3e arrondissement,PARIS
"",,,,,Arr.,,,
"",,,,,,2000,337,14.891
"",,,,,,2003,345,14.679
"",,,,,PARIS,,,
"",,,,,,2005,344,14.862
"",,,,,,2007,342,15.026
"",,,,,,2011,356,15.238
"",,,,,,2014,385,15.692
2000 2003,2005,2007,,2011,2014,,,
Services commerciaux,,,,,,Année,3e arrondissement,PARIS
"",,,,,Arr.,,,
"",,,,,,2000,305,17.189
"",,,,,,2003,320,17.304
"",,,,,,2005,313,17.471
"",,,,,,2007,318,17.238
"",,,,,PARIS,,,
"",,,,,,2011,325,16.924
"",,,,,,2014,346,16.896
2000 2003,2005,2007,,2011,2014,,,
Locaux vacants,,,,,,Année,3e arrondissement,PARIS
"",,,,,,2000,412,8.394
"",,,,,PARIS,,,
"",,,,,,2003,450,9.713
"",,,,,Arr.,,,
"",,,,,,2005,416,8.671
"",,,,,,2007,359,8.036
"",,,,,,2011,393,8.131
"",,,,,,2014,349,7.659
2000 2003,2005,2007,,2011,2014,,,
"Commerces de gros, autres locaux en boutique",,,,,,Année,3e arrondissement,PARIS
"",,,,,PARIS,2000,1.302,12.065
"",,,,,,2003,1.341,14.099
"",,,,,Arr.,2005,1.337,14.453
"",,,,,,2007,1.307,14.884
"",,,,,,2011,1.141,14.701
"",,,,,,2014,972,14.069
Alimentaire,,,,,,Année,4e arrondissement,PARIS
"",,,,,Arr.,,,
"",,,,,,2000,178,7.158
"",,,,,,2003,185,7.023
"",,,,,PARIS,,,
"",,,,,,2005,189,7.081
"",,,,,,2007,183,6.961
"",,,,,,2011,182,7.010
"",,,,,,2014,187,7.214
2000 2003,2005,2007,,2011,2014,,,
Non Alimentaire,,,,,Arr.,Année,4 e arrondissement,PARIS
"",,,,,,2000,920,23.987
"",,,,,,2003,977,23.719
"",,,,,PARIS,2005,980,23.516
"",,,,,,2007,1.007,23.262
"",,,,,,2011,1.008,22.472
"",,,,,,2014,1.012,22.312
2000 2003,2005,2007,,2011,2014,,,
"Restauration, Hôtellerie",,,,,,Année,4e arrondissement,PARIS
"",,,,,PARIS,,,
"",,,,,,2000,463,14.891
"",,,,,Arr.,2003,469,14.679
"",,,,,,2005,469,14.862
"",,,,,,2007,475,15.026
"",,,,,,2011,478,15.238
"",,,,,,2014,467,15.692
2000 2003,2005,2007,,2011,2014,,,
Services commerciaux,,,,,,Année,4e arrondissement,PARIS
"",,,,,,2000,327,17.189
"",,,,,PARIS,,,
"",,,,,,2003,331,17.304
"",,,,,,2005,316,17.471
"",,,,,Arr.,,,
"",,,,,,2007,314,17.238
"",,,,,,2011,288,16.924
"",,,,,,2014,283,16.896
2000 2003,2005,2007,,2011,2014,,,
Locaux vacants,,,,,,Année,4e arrondissement,PARIS
"",,,,,,2000,168,8.394
"",,,,,PARIS,,,
"",,,,,,2003,174,9.713
"",,,,,Arr.,,,
"",,,,,,2005,173,8.671
"",,,,,,2007,126,8.036
"",,,,,,2011,145,8.131
"",,,,,,2014,143,7.659
2000 2003,2005,2007,,2011,2014,,,
"Commerces de gros, autres locaux en boutique",,,,,,Année,4e arrondissement,PARIS
"",,,,,PARIS,2000,274,12.065
"",,,,,,2003,283,14.099
"",,,,,Arr.,,,
"",,,,,,2005,269,14.453
"",,,,,,2007,259,14.884
"",,,,,,2011,231,14.701
"",,,,,,2014,236,14.069
Alimentaire,,,,,,Année,5e arrondissement,PARIS
"",,,,,Arr.,,,
"",,,,,,2000,274,7.158
"",,,,,PARIS,2003,263,7.023
"",,,,,,2005,265,7.081
"",,,,,,2007,268,6.961
"",,,,,,2011,280,7.010
"",,,,,,2014,288,7.214
2000 2003,2005,2007,,2011,2014,,,
Non Alimentaire,,,,,,Année,5e arrondissement,PARIS
"",,,,,,2000,848,23.987
"",,,,,,2003,853,23.719
"",,,,,,2005,860,23.516
"",,,,,Arr.,,,
"",,,,,,2007,849,23.262
"",,,,,PARIS,,,
"",,,,,,2011,828,22.472
"",,,,,,2014,795,22.312
2000 2003,2005,2007,,2011,2014,,,
"Restauration, Hôtellerie",,,,,,Année,5e arrondissement,PARIS
"",,,,,PARIS,,,
"",,,,,,2000,815,14.891
"",,,,,Arr.,,,
"",,,,,,2003,810,14.679
"",,,,,,2005,826,14.862
"",,,,,,2007,827,15.026
"",,,,,,2011,826,15.238
"",,,,,,2014,843,15.692
2000 2003,2005,2007,,2011,2014,,,
Services commerciaux,,,,,,Année,5e arrondissement,PARIS
"",,,,,,2000,556,17.189
"",,,,,,2003,577,17.304
"",,,,,PARIS,2005,583,17.471
"",,,,,,2007,552,17.238
"",,,,,Arr.,,,
"",,,,,,2011,543,16.924
"",,,,,,2014,540,16.896
2000 2003,2005,2007,,2011,2014,,,
Locaux vacants,,,,,,Année,5e arrondissement,PARIS
"",,,,,Arr.,2000,220,8.394
"",,,,,,2003,261,9.713
"",,,,,PARIS,,,
"",,,,,,2005,205,8.671
"",,,,,,2007,242,8.036
"",,,,,,2011,229,8.131
"",,,,,,2014,221,7.659
2000 2003,2005,2007,,2011,2014,,,
"Commerces de gros, autres locaux en boutique",,,,,Arr.,Année,5e arrondissement,PARIS
"",,,,,PARIS,2000,292,12.065
"",,,,,,2003,343,14.099
"",,,,,,2005,357,14.453
"",,,,,,2007,360,14.884
"",,,,,,2011,362,14.701
"",,,,,,2014,370,14.069
Arr.Alimentaire Année,6e arrondissement,PARIS
PARIS 2000,194,7.158
2003,178,7.023
2005,188,7.081
2007,191,6.961
2011,202,7.010
2014,217,7.214
2000 2003 2005 2007 2011 2014,,
Non Alimentaire Année,6e arrondissement,PARIS
2000,1.915,23.987
2003,1.894,23.719
2005,1.864,23.516
Arr.,,
23.262PARIS2007,1.852,
2011,1.818,22.472
2014,1.782,22.312
2000 2003 2005 2007 2011 2014,,
PARIS,,
"Restauration, Hôtellerie Année",6e arrondissement,PARIS
Arr.,,
2000,645,14.891
2003,628,14.679
2005,640,14.862
2007,644,15.026
2011,655,15.238
2014,678,15.692
2000 2003 2005 2007 2011 2014,,
Services commerciaux Année,6e arrondissement,PARIS
2000,493,17.189
2003,501,17.304
PARIS,,
2005,495,17.471
2007,465,17.238
Arr.,,
2011,462,16.924
2014,462,16.896
2000 2003 2005 2007 2011 2014,,
Locaux vacants Année,6e arrondissement,PARIS
8.394 Arr.2000,135,
2003,151,9.713
PARIS,,
2005,148,8.671
2007,153,8.036
2011,149,8.131
2014,152,7.659
2000 2003 2005 2007 2011 2014,,
"Commerces de gros, autres locaux en boutique  Arr. Année",6e arrondissement,PARIS
2000,174,12.065
PARIS,,
2003,232,14.099
2005,231,14.453
2007,254,14.884
2011,247,14.701
2014,235,14.069
Arr.Alimentaire Année,7e arrondissement,PARIS
2000,204,7.158
2003,204,7.023
PARIS 2005,207,7.081
2007,201,6.961
2011,201,7.010
2014,222,7.214
2000 2003 2005 2007 2011 2014,,
Non Alimentaire Année,7e arrondissement,PARIS
Arr. 2000,1.053,23.987
2003,1.066,23.719
2005,1.050,23.516
23.262PARIS2007,1.051,
2011,1.043,22.472
2014,1.032,22.312
2000 2003 2005 2007 2011 2014,,
PARIS,,
"Restauration, Hôtellerie Année",7e arrondissement,PARIS
2000,413,14.891
2003,404,14.679
Arr. 2005,409,14.862
2007,403,15.026
2011,412,15.238
2014,412,15.692
2000 2003 2005 2007 2011 2014,,
Services commerciaux Année,7e arrondissement,PARIS
PARIS 2000,523,17.189
2003,535,17.304
2005,523,17.471
2007,514,17.238
Arr.,,
2011,499,16.924
2014,476,16.896
2000 2003 2005 2007 2011 2014,,
Locaux vacants Année,7e arrondissement,PARIS
2000,151,8.394
PARIS,,
2003,127,9.713
Arr. 2005,141,8.671
2007,152,8.036
2011,131,8.131
2014,124,7.659
2000 2003 2005 2007 2011 2014,,
"Commerces de gros, autres locaux en boutique  Arr. Année",7e arrondissement,PARIS
PARIS 2000,214,12.065
2003,244,14.099
2005,238,14.453
2007,238,14.884
2011,255,14.701
2014,270,14.069
Alimentaire,,,,,Arr.,Année,8e arrondissement,PARIS
"",,,,,,2000,212,7.158
"",,,,,,2003,213,7.023
"",,,,,PARIS,2005,224,7.081
"",,,,,,2007,212,6.961
"",,,,,,2011,207,7.010
"",,,,,,2014,224,7.214
2000 2003,2005,2007,,2011,2014,,,
Non Alimentaire,,,,,,Année,8e arrondissement,PARIS
"",,,,,,2000,1.662,23.987
"",,,,,,2003,1.649,23.719
"",,,,,PARIS,2005,1.617,23.516
"",,,,,Arr.,2007,1.571,23.262
"",,,,,,2011,1.507,22.472
"",,,,,,2014,1.545,22.312
2000 2003,2005,2007,,2011,2014,,,
"Restauration, Hôtellerie",,,,,,Année,8e arrondissement,PARIS
"",,,,,Arr.,,,
"",,,,,,2000,859,14.891
"",,,,,,2003,872,14.679
"",,,,,PARIS,2005,892,14.862
"",,,,,,2007,908,15.026
"",,,,,,2011,937,15.238
"",,,,,,2014,978,15.692
2000 2003,2005,2007,,2011,2014,,,
Services commerciaux,,,,,,Année,8e arrondissement,PARIS
"",,,,,PARIS,2000,837,17.189
"",,,,,,2003,828,17.304
"",,,,,,2005,839,17.471
"",,,,,,2007,798,17.238
"",,,,,Arr.,,,
"",,,,,,2011,745,16.924
"",,,,,,2014,750,16.896
2000 2003,2005,2007,,2011,2014,,,
Locaux vacants,,,,,,Année,8e arrondissement,PARIS
"",,,,,,2000,342,8.394
"",,,,,PARIS,,,
"",,,,,,2003,366,9.713
"",,,,,,2005,299,8.671
"",,,,,Arr.,,,
"",,,,,,2007,299,8.036
"",,,,,,2011,332,8.131
"",,,,,,2014,238,7.659
2000 2003,2005,2007,,2011,2014,,,
"Commerces de gros, autres locaux en boutique",,,,,,,e,
"",,,,,PARIS,Année,8  arrondissement,PARIS
"",,,,,,2000,239,12.065
"",,,,,Arr.,,,
"",,,,,,2003,285,14.099
"",,,,,,2005,280,14.453
"",,,,,,2007,287,14.884
"",,,,,,2011,269,14.701
"",,,,,,2014,247,14.069
Alimentaire,,,,,PARIS,Année,9e arrondissement,PARIS
"",,,,,Arr.,,,
"",,,,,,2000,338,7.158
"",,,,,,2003,340,7.023
"",,,,,,2005,327,7.081
"",,,,,,2007,313,6.961
"",,,,,,2011,311,7.010
"",,,,,,2014,334,7.214
2000 2003,2005,2007,,2011,2014,,,
Non Alimentaire,,,,,,Année,9e arrondissement,PARIS
"",,,,,,2000,1.390,23.987
"",,,,,,2003,1.365,23.719
"",,,,,PARIS,,,
"",,,,,,2005,1.365,23.516
"",,,,,,2007,1.350,23.262
"",,,,,Arr.,,,
"",,,,,,2011,1.307,22.472
"",,,,,,2014,1.244,22.312
2000 2003,2005,2007,,2011,2014,,,
"Restauration, Hôtellerie",,,,,Arr.,Année,9e arrondissement,PARIS
"",,,,,,2000,1.078,14.891
"",,,,,PARIS,2003,1.064,14.679
"",,,,,,2005,1.083,14.862
"",,,,,,2007,1.112,15.026
"",,,,,,2011,1.149,15.238
"",,,,,,2014,1.207,15.692
2000 2003,2005,2007,,2011,2014,,,
Services commerciaux,,,,,,Année,9e arrondissement,PARIS
"",,,,,,2000,1.046,17.189
"",,,,,PARIS,,,
"",,,,,,2003,1.032,17.304
"",,,,,,2005,1.035,17.471
"",,,,,,2007,1.008,17.238
"",,,,,Arr.,,,
"",,,,,,2011,984,16.924
"",,,,,,2014,956,16.896
2000 2003,2005,2007,,2011,2014,,,
Locaux vacants,,,,,,Année,9e arrondissement,PARIS
"",,,,,,2000,502,8.394
"",,,,,PARIS,,,
"",,,,,,2003,588,9.713
"",,,,,Arr.,2005,504,8.671
"",,,,,,2007,487,8.036
"",,,,,,2011,444,8.131
"",,,,,,2014,408,7.659
2000 2003,2005,2007,,2011,2014,,,
"Commerces de gros, autres locaux en boutique",,,,,Arr.,Année,9e arrondissement,PARIS
"",,,,,,2000,443,12.065
"",,,,,PARIS,,,
"",,,,,,2003,540,14.099
"",,,,,,2005,564,14.453
"",,,,,,2007,571,14.884
"",,,,,,2011,605,14.701
"",,,,,,2014,611,14.069
Alimentaire,,,,,,Année,10e arrondissement,PARIS
"",,,,,PARIS,,,
"",,,,,Arr.,2000,429,7.158
"",,,,,,2003,433,7.023
"",,,,,,2005,427,7.081
"",,,,,,2007,422,6.961
"",,,,,,2011,418,7.010
"",,,,,,2014,432,7.214
2000 2003,2005,2007,,2011,2014,,,
Non Alimentaire,,,,,,Année,10e arrondissement,PARIS
"",,,,,,2000,1.087,23.987
"",,,,,Arr.,,,
"",,,,,,2003,1.021,23.719
"",,,,,,2005,1.033,23.516
"",,,,,PARIS,,,
"",,,,,,2007,1.028,23.262
"",,,,,,2011,983,22.472
"",,,,,,2014,1.036,22.312
2000 2003,2005,2007,,2011,2014,,,
"Restauration, Hôtellerie",,,,,Arr.,Année,10e arrondissement,PARIS
"",,,,,,2000,945,14.891
"",,,,,PARIS,2003,943,14.679
"",,,,,,2005,963,14.862
"",,,,,,2007,976,15.026
"",,,,,,2011,974,15.238
"",,,,,,2014,1.024,15.692
2000 2003,2005,2007,,2011,2014,,,
Services commerciaux,,,,,,Année,10e arrondissement,PARIS
"",,,,,,2000,919,17.189
"",,,,,Arr.,,,
"",,,,,,2003,954,17.304
"",,,,,,2005,997,17.471
"",,,,,PARIS,2007,1.046,17.238
"",,,,,,2011,1.080,16.924
"",,,,,,2014,1.026,16.896
2000 2003,2005,2007,,2011,2014,,,
Locaux vacants,,,,,,Année,10e arrondissement,PARIS
"",,,,,,2000,629,8.394
"",,,,,Arr.,,,
"",,,,,,2003,744,9.713
"",,,,,PARIS,,,
"",,,,,,2005,709,8.671
"",,,,,,2007,604,8.036
"",,,,,,2011,663,8.131
"",,,,,,2014,587,7.659
2000 2003,2005,2007,,2011,2014,,,
"Commerces de gros, autres locaux en boutique",,,,,Arr.,Année,10e arrondissement,PARIS
"",,,,,PARIS,2000,814,12.065
"",,,,,,2003,1.047,14.099
"",,,,,,2005,1.039,14.453
"",,,,,,2007,1.063,14.884
"",,,,,,2011,1.023,14.701
"",,,,,,2014,973,14.069
Alimentaire  Arr.,,Année,11e arrondissement,PARIS
"",,2000,472,7.158
PARIS,,2003,461,7.023
"",,2005,465,7.081
"",,2007,462,6.961
"",,2011,492,7.010
"",,2014,500,7.214
Non Alimentaire,,Année,11e arrondissement,PARIS
"",,2000,1.475,23.987
"",,2003,1.476,23.719
PARIS,,2005,1.446,23.516
"",,2007,1.410,23.262
arr.,,,,
"",,2011,1.343,22.472
"",,2014,1.340,22.312
"arr.Restauration, Hôtellerie",,Année,11e arrondissement,PARIS
PARIS,,2000,1.129,14.891
"",,2003,1.122,14.679
"",,2005,1.136,14.862
"",,2007,1.170,15.026
"",,2011,1.182,15.238
"",,2014,1.228,15.692
Services commerciaux,,Année,11e arrondissement,PARIS
"",,2000,1.353,17.189
PARIS,,2003,1.350,17.304
arr.,,2005,1.306,17.471
"",,2007,1.316,17.238
"",,2011,1.319,16.924
"",,2014,1.336,16.896
2000 2003 2005 2007 2011 2014,,,,
Locaux vacants,,Année,11e arrondissement,PARIS
"",,2000,906,8.394
PARIS,,,,
"",,2003,1.085,9.713
arr.,,2005,1.048,8.671
"",,2007,765,8.036
"",,2011,767,8.131
"",,2014,729,7.659
2000 2003 2005 2007 2011 2014,,,,
"Commerces de gros, autres locaux en boutique",,Année,11e arrondissement,PARIS
arr.,,,,
"",,2000,1.482,12.065
PARIS,,2003,1.707,14.099
"",,2005,1.758,14.453
"",,2007,1.978,14.884
"",,2011,1.942,14.701
"",,2014,1.843,14.069
Alimentaire,,,,PARIS,Année,12e arrondissement,PARIS
"",,,,,2000,427,7.158
"",,,,,2003,428,7.023
"",,,,,2005,421,7.081
"",,,,Arr.,2007,411,6.961
"",,,,,2011,418,7.010
"",,,,,2014,412,7.214
Non Alimentaire,,,,,Année,12e arrondissement,PARIS
"",,,,,2000,1.103,23.987
"",,,,,2003,1.121,23.719
"",,,,PARIS,,,
"",,,,,2005,1.099,23.516
"",,,,,2007,1.111,23.262
"",,,,arr.,,,
"",,,,,2011,1.023,22.472
"",,,,,2014,986,22.312
"Restauration, Hôtellerie",,,,arr.,Année,12e arrondissement,PARIS
"",,,,,2000,698,14.891
"",,,,PARIS,,,
"",,,,,2003,706,14.679
"",,,,,2005,719,14.862
"",,,,,2007,727,15.026
"",,,,,2011,741,15.238
"",,,,,2014,765,15.692
"",,,,arr.,,,
Services commerciaux,,,,,Année,12e arrondissement,PARIS
"",,,,,2000,1.095,17.189
"",,,,,2003,1.115,17.304
"",,,,,2005,1.109,17.471
"",,,,PARIS,,,
"",,,,,2007,1.112,17.238
"",,,,,2011,1.084,16.924
"",,,,,2014,1.123,16.896
2000 2003 2005,2007,,2011,2014,,,
Locaux vacants,,,,,Année,12e arrondissement,PARIS
"",,,,arr.,2000,366,8.394
"",,,,,2003,407,9.713
"",,,,PARIS,,,
"",,,,,2005,355,8.671
"",,,,,2007,293,8.036
"",,,,,2011,364,8.131
"",,,,,2014,372,7.659
2000 2003 2005,2007,,2011,2014,,,
"Commerces de gros, autres locaux en boutique",,,,arr.,Année,12e arrondissement,PARIS
"",,,,PARIS,2000,568,12.065
"",,,,,2003,724,14.099
"",,,,,2005,799,14.453
"",,,,,2007,833,14.884
"",,,,,2011,825,14.701
"",,,,,2014,804,14.069
Alimentaire,,,,PARIS,Année,13e arrondissement,PARIS
"",,,,,2000,397,7.158
"",,,,Arr.,,,
"",,,,,2003,389,7.023
"",,,,,2005,392,7.081
"",,,,,2007,391,6.961
"",,,,,2011,381,7.010
"",,,,,2014,392,7.214
Non Alimentaire,,,,,Année,13e arrondissement,PARIS
"",,,,,2000,783,23.987
"",,,,,2003,778,23.719
"",,,,PARIS,2005,781,23.516
"",,,,arr.,2007,761,23.262
"",,,,,2011,724,22.472
"",,,,,2014,720,22.312
"Restauration, Hôtellerie",,,,arr.,Année,13e arrondissement,PARIS
"",,,,,2000,612,14.891
"",,,,PARIS,2003,610,14.679
"",,,,,2005,626,14.862
"",,,,,2007,642,15.026
"",,,,,2011,653,15.238
"",,,,,2014,686,15.692
Services commerciaux,,,,,Année,13e arrondissement,PARIS
"",,,,arr.,2000,813,17.189
"",,,,,2003,810,17.304
"",,,,,2005,826,17.471
"",,,,PARIS,,,
"",,,,,2007,817,17.238
"",,,,,2011,801,16.924
"",,,,,2014,815,16.896
2000 2003 2005,2007,,2011,2014,,,
Locaux vacants,,,,,Année,13e arrondissement,PARIS
"",,,,arr.,2000,295,8.394
"",,,,,2003,364,9.713
"",,,,PARIS,,,
"",,,,,2005,328,8.671
"",,,,,2007,293,8.036
"",,,,,2011,341,8.131
"",,,,,2014,283,7.659
2000 2003 2005,2007,,2011,2014,,,
"Commerces de gros, autres locaux en boutique",,,,arr.,Année,13e arrondissement,PARIS
"",,,,PARIS,2000,556,12.065
"",,,,,2003,599,14.099
"",,,,,2005,598,14.453
"",,,,,2007,634,14.884
"",,,,,2011,643,14.701
"",,,,,2014,667,14.069
Alimentaire,,,,,,,
"",,,,PARIS,Année,14e arrondissement,PARIS
"",,,,,2000,390,7.158
"",,,,Arr.,2003,385,7.023
"",,,,,2005,390,7.081
"",,,,,2007,378,6.961
"",,,,,2011,383,7.010
"",,,,,2014,385,7.214
Non Alimentaire,,,,,Année,14e arrondissement,PARIS
"",,,,PARIS,,,
"",,,,,2000,959,23.987
"",,,,arr.,2003,932,23.719
"",,,,,2005,929,23.516
"",,,,,2007,888,23.262
"",,,,,2011,825,22.472
"",,,,,2014,795,22.312
"",,,,PARIS,,,
"Restauration, Hôtellerie",,,,,Année,14e arrondissement,PARIS
"",,,,,2000,680,14.891
"",,,,arr.,2003,670,14.679
"",,,,,2005,671,14.862
"",,,,,2007,688,15.026
"",,,,,2011,708,15.238
"",,,,,2014,701,15.692
Services commerciaux,,,,,Année,14e arrondissement,PARIS
"",,,,arr.,2000,899,17.189
"",,,,,2003,887,17.304
"",,,,,2005,907,17.471
"",,,,PARIS,,,
"",,,,,2007,896,17.238
"",,,,,2011,905,16.924
"",,,,,2014,903,16.896
2000 2003 2005,2007,,2011,2014,,,
Locaux vacants,,,,,Année,14e arrondissement,PARIS
"",,,,,2000,341,8.394
"",,,,PARIS,,,
"",,,,,2003,383,9.713
"",,,,arr.,,,
"",,,,,2005,327,8.671
"",,,,,2007,297,8.036
"",,,,,2011,306,8.131
"",,,,,2014,287,7.659
2000 2003 2005,2007,,2011,2014,,,
"Commerces de gros, autres locaux en boutique",,,,arr.,Année,14e arrondissement,PARIS
"",,,,PARIS,2000,548,12.065
"",,,,,2003,669,14.099
"",,,,,2005,674,14.453
"",,,,,2007,718,14.884
"",,,,,2011,713,14.701
"",,,,,2014,710,14.069
Alimentaire,,,,Arr.,Année,15e arrondissement,PARIS
"",,,,PARIS,2000,604,7.158
"",,,,,2003,611,7.023
"",,,,,2005,619,7.081
"",,,,,2007,610,6.961
"",,,,,2011,604,7.010
"",,,,,2014,621,7.214
Non Alimentaire,,,,,Année,15e arrondissement,PARIS
"",,,,,2000,1.717,23.987
"",,,,PARIS,2003,1.638,23.719
"",,,,arr.,2005,1.591,23.516
"",,,,,2007,1.543,23.262
"",,,,,2011,1.437,22.472
"",,,,,2014,1.497,22.312
"",,,,PARIS,,,
"Restauration, Hôtellerie",,,,,Année,15e arrondissement,PARIS
"",,,,,2000,983,14.891
"",,,,arr.,,,
"",,,,,2003,970,14.679
"",,,,,2005,978,14.862
"",,,,,2007,971,15.026
"",,,,,2011,988,15.238
"",,,,,2014,1.004,15.692
Services commerciaux,,,,,Année,15e arrondissement,PARIS
"",,,,,2000,1.681,17.189
"",,,,PARIS,2003,1.620,17.304
"",,,,,2005,1.674,17.471
"",,,,arr.,2007,1.638,17.238
"",,,,,2011,1.610,16.924
"",,,,,2014,1.630,16.896
2000 2003 2005,2007,,2011,2014,,,
Locaux vacants,,,,,Année,15e arrondissement,PARIS
"",,,,arr.,2000,481,8.394
"",,,,,2003,543,9.713
"",,,,PARIS,,,
"",,,,,2005,452,8.671
"",,,,,2007,509,8.036
"",,,,,2011,505,8.131
"",,,,,2014,461,7.659
2000 2003 2005,2007,,2011,2014,,,
"Commerces de gros, autres locaux en boutique",,,,,,,
"",,,,PARIS,Année,15e arrondissement,PARIS
"",,,,arr.,2000,894,12.065
"",,,,,2003,1.006,14.099
"",,,,,2005,1.103,14.453
"",,,,,2007,1.108,14.884
"",,,,,2011,1.062,14.701
"",,,,,2014,1.036,14.069
Alimentaire,,,,
PARIS,,Année,16e arrondissement,PARIS
"",,2000,461,7.158
Arr.,,2003,454,7.023
"",,2005,465,7.081
"",,2007,457,6.961
"",,2011,445,7.010
"",,2014,454,7.214
Non Alimentaire,,Année,16e arrondissement,PARIS
"",,2000,1.434,23.987
PARIS,,2003,1.388,23.719
"",,2005,1.376,23.516
"",,2007,1.346,23.262
arr.,,,,
"",,2011,1.312,22.472
"",,2014,1.229,22.312
"arr.Restauration, Hôtellerie",,Année,16e arrondissement,PARIS
"",,2000,532,14.891
PARIS,,2003,537,14.679
"",,2005,538,14.862
"",,2007,555,15.026
"",,2011,589,15.238
"",,2014,603,15.692
Services commerciaux,,Année,16e arrondissement,PARIS
"",,2000,1.119,17.189
arr.,,2003,1.130,17.304
PARIS,,2005,1.136,17.471
"",,2007,1.116,17.238
"",,2011,1.086,16.924
"",,2014,1.103,16.896
2000 2003 2005 2007 2011 2014,,,,
Locaux vacants,,Année,16e arrondissement,PARIS
arr.,,2000,210,8.394
"",,2003,216,9.713
PARIS,,,,
"",,2005,174,8.671
"",,2007,203,8.036
"",,2011,200,8.131
"",,2014,223,7.659
2000 2003 2005 2007 2011 2014,,,,
"Commerces de gros, autres locaux en boutique",,,e,
PARIS,,Année,16  arrondissement,PARIS
"",,2000,352,12.065
arr.,,,,
"",,2003,420,14.099
"",,2005,399,14.453
"",,2007,408,14.884
"",,2011,394,14.701
"",,2014,380,14.069
Alimentaire,,,,PARIS,Année,17e arrondissement,PARIS
"",,,,,2000,602,7.158
"",,,,,2003,594,7.023
"",,,,Arr.,,,
"",,,,,2005,605,7.081
"",,,,,2007,590,6.961
"",,,,,2011,572,7.010
"",,,,,2014,584,7.214
Non Alimentaire,,,,,Année,17e arrondissement,PARIS
"",,,,,2000,1.580,23.987
"",,,,,2003,1.554,23.719
"",,,,PARIS,2005,1.532,23.516
"",,,,,2007,1.516,23.262
"",,,,arr.,,,
"",,,,,2011,1.450,22.472
"",,,,,2014,1.433,22.312
"Restauration, Hôtellerie",,,,arr.,Année,17e arrondissement,PARIS
"",,,,,2000,1.006,14.891
"",,,,PARIS,,,
"",,,,,2003,989,14.679
"",,,,,2005,1.016,14.862
"",,,,,2007,1.004,15.026
"",,,,,2011,1.032,15.238
"",,,,,2014,1.070,15.692
Services commerciaux,,,,,Année,17e arrondissement,PARIS
"",,,,,2000,1.540,17.189
"",,,,,2003,1.552,17.304
"",,,,PARIS,2005,1.555,17.471
"",,,,,2007,1.508,17.238
"",,,,arr.,,,
"",,,,,2011,1.503,16.924
"",,,,,2014,1.503,16.896
2000 2003 2005,2007,,2011,2014,,,
Locaux vacants,,,,,Année,17e arrondissement,PARIS
"",,,,,2000,715,8.394
"",,,,PARIS,,,
"",,,,,2003,753,9.713
"",,,,arr.,2005,643,8.671
"",,,,,2007,665,8.036
"",,,,,2011,607,8.131
"",,,,,2014,534,7.659
2000 2003 2005,2007,,2011,2014,,,
"Commerces de gros, autres locaux en boutique",,,,,Année,17e arrondissement,PARIS
"",,,,arr.,,,
"",,,,,2000,842,12.065
"",,,,PARIS,2003,993,14.099
"",,,,,2005,1.035,14.453
"",,,,,2007,1.093,14.884
"",,,,,2011,1.141,14.701
"",,,,,2014,1.095,14.069
Alimentaire,,,,PARIS,Année,18e arrondissement,PARIS
"",,,,,2000,752,7.158
"",,,,,2003,693,7.023
"",,,,Arr.,,,
"",,,,,2005,706,7.081
"",,,,,2007,686,6.961
"",,,,,2011,701,7.010
"",,,,,2014,706,7.214
Non Alimentaire,,,,,Année,18e arrondissement,PARIS
"",,,,,2000,1.713,23.987
"",,,,,2003,1.691,23.719
"",,,,arr.,,,
"",,,,,2005,1.691,23.516
"",,,,,2007,1.668,23.262
"",,,,PARIS,,,
"",,,,,2011,1.668,22.472
"",,,,,2014,1.623,22.312
"Restauration, Hôtellerie",,,,,Année,18e arrondissement,PARIS
"",,,,PARIS,,,
"",,,,,2000,1.275,14.891
"",,,,,2003,1.220,14.679
"",,,,arr.,2005,1.220,14.862
"",,,,,2007,1.214,15.026
"",,,,,2011,1.169,15.238
"",,,,,2014,1.178,15.692
Services commerciaux,,,,,Année,18e arrondissement,PARIS
"",,,,,2000,1.331,17.189
"",,,,,2003,1.404,17.304
"",,,,arr.,2005,1.434,17.471
"",,,,,2007,1.418,17.238
"",,,,PARIS,,,
"",,,,,2011,1.365,16.924
"",,,,,2014,1.313,16.896
2000 2003 2005,2007,,2011,2014,,,
Locaux vacants,,,,,Année,18e arrondissement,PARIS
"",,,,,2000,930,8.394
"",,,,PARIS,,,
"",,,,,2003,1.110,9.713
"",,,,arr.,,,
"",,,,,2005,942,8.671
"",,,,,2007,884,8.036
"",,,,,2011,801,8.131
"",,,,,2014,804,7.659
2000 2003 2005,2007,,2011,2014,,,
"Commerces de gros, autres locaux en boutique",,,,arr.,Année,18e arrondissement,PARIS
"",,,,,2000,688,12.065
"",,,,PARIS,2003,1.047,14.099
"",,,,,2005,1.116,14.453
"",,,,,2007,1.151,14.884
"",,,,,2011,1.224,14.701
"",,,,,2014,1.190,14.069
Alimentaire,,,,PARIS,Année,19e arrondissement,PARIS
"",,,,,2000,432,7.158
"",,,,,2003,411,7.023
"",,,,Arr.,,,
"",,,,,2005,406,7.081
"",,,,,2007,404,6.961
"",,,,,2011,405,7.010
"",,,,,2014,408,7.214
Non Alimentaire,,,,,Année,19e arrondissement,PARIS
"",,,,PARIS,,,
"",,,,,2000,668,23.987
"",,,,arr.,2003,656,23.719
"",,,,,2005,637,23.516
"",,,,,2007,611,23.262
"",,,,,2011,569,22.472
"",,,,,2014,546,22.312
"Restauration, Hôtellerie",,,,PARIS,Année,19 e arrondissement,PARIS
"",,,,,2000,578,14.891
"",,,,arr.,2003,563,14.679
"",,,,,2005,560,14.862
"",,,,,2007,547,15.026
"",,,,,2011,552,15.238
"",,,,,2014,577,15.692
Services commerciaux,,,,,Année,19e arrondissement,PARIS
"",,,,,2000,716,17.189
"",,,,,2003,713,17.304
"",,,,,2005,732,17.471
"",,,,PARIS,,,
"",,,,,2007,733,17.238
"",,,,arr.,,,
"",,,,,2011,703,16.924
"",,,,,2014,703,16.896
2000 2003 2005,2007,,2011,2014,,,
Locaux vacants,,,,,,,
"",,,,arr.,Année,19e arrondissement,PARIS
"",,,,,2000,367,8.394
"",,,,,2003,477,9.713
"",,,,PARIS,,,
"",,,,,2005,415,8.671
"",,,,,2007,427,8.036
"",,,,,2011,444,8.131
"",,,,,2014,428,7.659
2000 2003 2005,2007,,2011,2014,,,
"Commerces de gros, autres locaux en boutique",,,,,Année,19e arrondissement,PARIS
"",,,,arr.,,,
"",,,,,2000,448,12.065
"",,,,PARIS,2003,542,14.099
"",,,,,2005,605,14.453
"",,,,,2007,597,14.884
"",,,,,2011,605,14.701
"",,,,,2014,560,14.069
Alimentaire,,,,,Année 20e arrondissement,PARIS
"",,,,,2000 448,7.158
"",,,,PARIS,,
"",,,,,2003 441,7.023
"",,,,,2005 441,7.081
"",,,,,2007 443,6.961
"",,,,,2011 443,7.010
"",,,,,2014 455,7.214
Non Alimentaire,,,,,Année 20e arrondissement,PARIS
"",,,,,2000 816,23.987
"",,,,PARIS,2003 820,23.719
"",,,,,2005 802,23.516
"",,,,,2007 803,23.262
"",,,,arr.,,
"",,,,,2011 754,22.472
"",,,,,2014 722,22.312
"Restauration, Hôtellerie",,,,PARIS,Année 20e arrondissement,PARIS
"",,,,,2000 622,14.891
"",,,,,2003 598,14.679
"",,,,arr.,,
"",,,,,2005 616,14.862
"",,,,,2007 627,15.026
"",,,,,2011 625,15.238
"",,,,,2014 618,15.692
Services commerciaux,,,,,Année 20e arrondissement,PARIS
"",,,,17.189 arr.,2000 895,
"",,,,,2003 893,17.304
"",,,,,2005 926,17.471
"",,,,PARIS,,
"",,,,,2007 933,17.238
"",,,,,2011 915,16.924
"",,,,,2014 912,16.896
2000 2003 2005,2007,,2011,2014,,
Locaux vacants,,,,,Année 20e arrondissement,PARIS
"",,,,,2000 754,8.394
"",,,,PARIS,,
"",,,,,2003 887,9.713
"",,,,arr.,2005 784,8.671
"",,,,,2007 677,8.036
"",,,,,2011 620,8.131
"",,,,,2014 590,7.659
2000 2003 2005,2007,,2011,2014,,
"",,,,arr.,,
"Commerces de gros, autres locaux en boutique",,,,,Année 20e arrondissement,PARIS
"",,,,PARIS,2000 615,12.065
"",,,,,2003 686,14.099
"",,,,,2005 705,14.453
"",,,,,2007 743,14.884
"",,,,,2011 819,14.701
"",,,,,2014 820,14.069
